ad_id,user_id,product_id,title,description,price,is_negotiable
1,4,30,Decentralized multimedia architecture,"Write student beyond remain likely his.
Either event within save trip remember. Must individual thank may compare memory laugh him. Section key lay board.
Also way film figure moment focus.",297427436.6,True
2,2,32,Robust well-modulated productivity,"Real kid throw he instead eat low. Young knowledge receive.
Travel according model create address. Anyone author with offer office compare send modern. Phone degree interest national them why summer.",137986237.26,True
3,4,7,Self-enabling human-resource infrastructure,"Store huge save health increase. Something official this should.
Tell discuss capital management international after operation. Country adult reduce bad. Type tree which number tree ten another.",261920620.14,False
4,6,26,Operative motivating time-frame,"Think feel each put trouble subject. Prevent career usually drug phone.
Expert to little letter market. Interesting sure accept rest century. Sister long over around my.",62513270.29,False
5,8,43,Customer-focused discrete middleware,With suggest right whole. Outside night two themselves.,253190736.14,False
6,1,20,Future-proofed tertiary encoding,"Only read would great fight. Case ask indeed radio state well.
National man feeling program. Traditional forward seat paper sport. Put rate beyond near send somebody night cold.",131190165.12,True
7,1,50,Centralized systematic implementation,"Decade turn continue affect attention recently ground eat. Ago eye guy bar early.
Consider culture situation year leader. About forward interest own late. Serious movement society.",157005318.2,False
8,7,21,Profound object-oriented firmware,"Employee miss push fear.
Success different clear gun record figure decision room. Choose senior population. A glass political piece eight.",223622820.04,False
9,2,23,Exclusive encompassing interface,"Tend body stay wife ten laugh. Property member off lay show human.
His market leg. Need discover civil many. Policy stay happy never draw energy.",195483880.57,True
10,3,46,Secured 6thgeneration synergy,Central hit hand. Reality myself through member road north. Face city question white character see. Official such include collection state material first.,71050539.0,False
11,9,17,Down-sized dynamic contingency,Reality what take worker expect more. Range truth quite new hotel will reason.,70035511.97,False
12,3,35,Managed responsive collaboration,"Will computer never end.
Maintain foreign whose. President enter today she. Run report star travel return scene.
Art book floor night decision. Two piece its Congress wall.",157221554.12,False
13,9,24,Upgradable exuding knowledge user,Value science yeah treat side. Better morning take population better thank. Maybe significant laugh see. Talk indicate other young activity.,125128665.66,True
14,10,12,Customer-focused eco-centric strategy,"Next design former leader parent today effort. Assume television amount us five throughout partner. Reason threat house will item.
Forward allow say dream everyone once.",96545358.77,True
15,5,29,Function-based regional circuit,"Save challenge story hit stock usually lot. They outside future dream safe. Theory scene administration arm paper final not without.
Turn would stage. Animal reduce number reality anything sometimes.",107868704.1,False
